The Fellowship of the Ring,J.R.R. Tolkien,Fiction
The Two Towers,J.R.R. Tolkien,Fiction
The Return of the King,J.R.R. Tolkien,Fiction
Origin,Dan Brown,Fiction
Concepts of Physics,H.C. Verma,Course Book
The Hobbit,J.R.R. Tolkien,Fiction
A Game of Thrones,George R.R. Martin,Fiction
A Clash of Kings,George R.R. Martin,Fiction
A Storm of Swords,George R.R. Martin,Fiction
A Feast for Crows,George R.R. Martin,Fiction
A Dance with Dragons,George R.R. Martin,Fiction
It,Stephen King,Fiction
Wings of Fire,Dr. A. P. J. Abdul Kalam,Biography
Becoming,Michelle Obama,Biography
Neverwhere,Neil Gaiman,Non-Fiction
An Absolutely Remarkable Thing,Hank Green,Fiction
Mathematics for Class 12,R.D. Sharma,Course Book
Mathematics for Class 11,R.D. Sharma,Course Book
Computer Science with Python,Sumita Arora,Course Book
Computer Science with Python,Sumita Arora,Course Book
11/22/63,Stephen King,Fiction
Frankenstein,Mary Shelley,Fiction
The Martian Chronicles,Ray Bradbury,Non-Fiction
A Beautifully Foolish Endeavor,Hank Green,Non-Fiction
Harry Potter and the Philosopher's Stone,J.K. Rowling,Fiction
Harry Potter and the Prisoner of Azkaban,J.K. Rowling,Fiction
Harry Potter and the Order of the Phoenix,J.K. Rowling,Fiction
Harry Potter and the Half-Blood Prince,J.K. Rowling,Fiction
Harry Potter and the Deathly Hallows,J.K. Rowling,Fiction
The Da Vinci Code,Dan Brown,Fiction
An Astronaut's Guide to Life on Earth,Chris Hadfield,Biography
A Brief History of Time,Stephen Hawking,Non-Fiction
The Hitchhiker's Guide to the Galaxy,Douglas Adams,Fiction
Digital Fortress,Dan Brown,Fiction